method,n_params,time
irr,30.0,0.12369966506958008
cvxpy,30.0,0.48799657821655273
irr,100.0,0.14591050148010254
cvxpy,100.0,1.8666536808013916
irr,300.0,0.5196807384490967
irr,1000.0,1.8616387844085693
irr,3000.0,5.844221830368042
irr,10000.0,25.842355251312256
irr,30000.0,67.0503716468811
