method,n_params,time
irr,30.0,0.3717310428619385
cvxpy,30.0,0.5992741584777832
irr,100.0,0.34629321098327637
cvxpy,100.0,2.466093063354492
irr,300.0,1.124840497970581
cvxpy,300.0,31.03290343284607
irr,1000.0,3.084408760070801
cvxpy,1000.0,126.45229077339172
irr,3000.0,7.466862201690674
cvxpy,3000.0,391.01501965522766
irr,10000.0,27.31491231918335
irr,30000.0,76.70134258270264
irr,55067.0,140.65771675109863
